model,horizon,n_forecasts,mae,rmse,mean_wis,coverage_95,mean_width_95
ARIMAX: surveillance + seasonal,1,34,2074.323529411765,3074.1055753235437,1473.7559191176472,0.9117647058823529,10431.911764705883
ARIMAX: surveillance + seasonal,2,34,4944,6928.96517186666,3363.9448406862743,0.8823529411764706,19760.5
ARIMAX: surveillance + seasonal,3,34,7125.911764705882,9622.801889568462,4760.477230392157,0.8823529411764706,26348.29411764706
