model,scored_forecasts,mean_wis,mae,rmse,coverage_95,mean_width_95
"Blend: 50% ARIMAX, 25% ensemble, 25% ARIMA",102,3104.474362745098,4116.9607843137255,7320.937322126846,0.8725490196078431,15254.137254901962
ARIMAX: surveillance + seasonal,102,3199.392663398693,4714.745098039216,7072.458310164833,0.8921568627450981,18846.901960784315
Calibrated blend,102,3209.509873366013,4116.9607843137255,7320.937322126846,0.8921568627450981,22649.970588235294
Calibrated ARIMAX,102,3215.37039624183,4714.745098039216,7072.458310164833,0.9117647058823529,22384.029411764706
Activity 5 ensemble,102,3272.0149509803923,4098.558823529412,7986.328550447088,0.8627450980392157,11643.843137254902
