model,horizon,n_forecasts,mae,rmse,mean_wis,coverage_95,mean_width_95
XGBoost + leading indicators,1,34,2534.823529411765,4918.606205013774,1750.440318627451,0.9411764705882353,22074.29411764706
XGBoost + leading indicators,2,34,4884.176470588235,8469.174294775974,2924.440857843137,0.9411764705882353,27169.647058823528
XGBoost + leading indicators,3,34,6576.264705882353,10712.137353323593,3631.7629534313724,0.9411764705882353,31572.79411764706
