model,horizon,n_forecasts,mae,rmse,mean_wis,coverage_95,mean_width_95
XGBoost + leading indicators,1,34,2599.735294117647,4918.740707443199,1762.5560416666667,0.9117647058823529,20657.676470588234
XGBoost + leading indicators,2,34,5149.941176470588,8815.174163305666,3004.309117647059,0.9411764705882353,24411.764705882353
XGBoost + leading indicators,3,34,6272.264705882353,10170.137405804366,3437.2272058823532,0.9411764705882353,29447.823529411766
