model,horizon,n_forecasts,mae,rmse,mean_wis,coverage_95,mean_width_95
XGBoost quantile,1,34,2604.9411764705883,5092.187562970416,1649.6413848039215,0.8823529411764706,13476.441176470587
XGBoost quantile,2,34,3374.029411764706,6723.13138045238,2296.5439338235296,0.8823529411764706,17240.382352941175
XGBoost quantile,3,34,4024.294117647059,7365.864052186554,2666.560931372549,0.8823529411764706,18209.882352941175
