model,horizon,n_forecasts,mae,rmse,mean_wis,coverage_95,mean_width_95
ARIMAX: surveillance + seasonal,1,34,2180.264705882353,3220.3661054204963,1535.9299387254903,0.9117647058823529,10512.79411764706
ARIMAX: surveillance + seasonal,2,34,5075.705882352941,7165.133281466331,3449.9841421568626,0.8823529411764706,19745.823529411766
ARIMAX: surveillance + seasonal,3,34,7017.588235294118,9574.58222095786,4700.438259803921,0.8823529411764706,25894.29411764706
